0.8,1,0.31,0.22,0.29,0.39,0.45,0.42,0.44,0.4,0.58,0.4,0.4,0.23,0.46,0.55,0.39,0.51,0.25,0.48,0.55,0.55,0.48,0.29,0.47,0.54,0.53,0.51,0.46,0.41,0.34,0.45,0.45,0.44,0.39,0.49,0.42,0.46,0.49,0.39,0.44,0.41,0.42,0.44,0.46,0.44,0.42,0.45,0.49,0.38,0.39,0.41,0.41,0.41,0.41,2.01,0.13,0.17,0.13,0.16,0.17,0.08,1.00,3.09,2.23,3.53,0.91,0.85,0.00,52.83
1.8,2,1.4,1.43,1.38,1.41,1.43,1.39,1.45,1.37,1.41,1.44,1.37,1.37,1.39,1.37,1.4,1.4,1.35,1.4,1.42,1.4,1.36,1.33,1.44,1.34,1.37,1.42,1.41,1.33,1.35,1.45,1.42,1.53,1.51,1.52,1.45,1.52,1.55,1.49,1.48,1.44,1.48,1.49,1.48,1.48,1.42,1.53,1.5,1.49,1.46,1.5,1.45,1.52,1.49,2.06,0.67,0.35,0.14,0.37,0.19,0.82,3.67,3.54,1.79,1.61,1.14
2.09,3,1.69,1.71,1.7,1.71,1.71,1.69,1.72,1.65,1.69,1.76,1.69,1.68,1.7,1.68,1.69,1.7,1.69,1.69,1.7,1.7,1.68,1.64,1.73,1.65,1.68,1.72,1.7,1.67,1.68,1.74,1.74,1.77,1.8,1.78,1.76,1.78,1.77,1.74,1.76,1.74,1.78,1.77,1.8,1.77,1.74,1.8,1.78,1.77,1.77,1.76,1.76,1.74,1.77,2.50,2.57,0.29,0.62,3.22,4.81,2.77,2.05,23.89
2.26,4,1.86,1.87,1.85,1.86,1.87,1.85,1.87,1.79,1.84,1.92,1.82,1.82,1.86,1.82,1.83,1.84,1.86,1.84,1.87,1.88,1.84,1.81,1.89,1.82,1.83,1.88,1.86,1.85,1.81,1.9,1.88,1.95,1.91,1.92,1.91,1.94,1.95,1.94,1.95,1.92,1.94,1.94,1.95,1.9,1.88,1.94,1.95,1.94,1.92,1.92,1.92,1.92,1.94,2.85,37.87,17.62,14.55,3.37,11.47,49.50
2.53,5,2.13,2.14,2.13,2.16,2.14,2.12,2.16,2.1,2.15,2.2,2.1,2.12,2.17,2.12,2.13,2.13,2.15,2.13,2.16,2.16,2.11,2.09,2.17,2.1,2.12,2.14,2.14,2.13,2.14,2.2,2.2,2.26,2.19,2.2,2.2,2.26,2.23,2.23,2.22,2.19,2.23,2.2,2.24,2.2,2.19,2.2,2.22,2.24,2.23,2.23,2.22,2.2,2.24,3.68,43.23,32.49,16.57,5.40
3.62,6,3.14,3.19,3.22,3.22,3.24,3.23,3.24,3.2,3.22,3.21,3.13,3.19,3.26,3.23,3.22,3.23,3.14,3.21,3.27,3.23,3.23,3.21,3.22,3.19,3.17,3.22,3.2,3.21,3.2,3.23,3.23,3.22,3.33,3.3,3.25,3.27,3.34,3.18,3.18,3.23,3.24,3.2,3.23,3.12,3.15,3.19,3.19,3.19,3.15,3.18,3.12,3.15,3.12,4.46,45.14,16.99,5.65
4.09,7,3.69,3.63,3.68,3.68,3.7,3.67,3.69,3.63,3.68,3.75,3.62,3.69,3.73,3.66,3.69,3.68,3.67,3.65,3.7,3.69,3.67,3.65,3.67,3.65,3.66,3.65,3.66,3.69,3.67,3.71,3.75,3.76,3.76,3.76,3.75,3.76,3.75,3.73,3.76,3.72,3.77,3.72,3.74,3.72,3.78,3.75,3.71,3.75,3.73,3.75,3.73,3.73,3.73,4.66,47.16,17.81,6.98
4.21,8,3.8,3.77,3.81,3.81,3.83,3.8,3.82,3.77,3.81,3.87,3.75,3.81,3.87,3.79,3.81,3.81,3.79,3.78,3.83,3.83,3.82,3.8,3.82,3.79,3.81,3.81,3.81,3.83,3.82,3.86,3.86,3.91,3.87,3.89,3.89,3.9,3.91,3.87,3.9,3.84,3.93,3.89,3.9,3.87,3.9,3.89,3.85,3.9,3.89,3.89,3.89,3.87,3.89,4.92,19.37,11.25
4.36,9,3.96,3.92,3.95,3.94,3.97,3.96,3.97,3.91,3.95,4.03,3.89,3.96,4.02,3.94,3.94,3.95,3.95,3.96,3.99,3.98,3.97,3.93,3.96,3.94,3.98,4.15,3.98,3.99,3.99,4.17,4,4.04,4,4.03,4.04,4.05,4.04,4.01,4.04,3.98,4.08,4.07,4.06,4.01,4.03,4.05,4,4.04,4.04,4.03,4.03,4.03,4.03,5.56,19.57,11.62
5.46,10,5.06,4.99,5.06,5.03,5.07,5.06,5.08,4.99,5.08,5.11,5.05,5.04,5.07,5.03,4.98,5.05,5.04,5,5.15,5.05,5.01,5.03,5.01,4.98,4.96,5.01,5.05,4.99,5.06,5.08,4.07,5.15,4.18,5.15,5.13,5.14,5.15,5.17,5.1,5.11,5.1,5.13,5.14,5.11,5.13,5.11,5.04,5.15,5.15,5.08,5.11,5.08,5.08,5.92,20.43
5.74,11,5.34,5.3,5.34,5.33,5.36,5.35,5.35,5.26,5.34,5.36,5.33,5.35,5.37,5.32,5.29,5.34,5.33,5.31,5.36,5.34,5.3,5.3,5.33,5.3,5.29,5.33,5.33,5.28,5.34,5.35,5.11,5.42,5.08,5.4,5.39,5.39,5.4,5.38,5.38,5.35,5.39,5.4,5.43,5.38,5.38,5.39,5.4,5.38,5.39,5.35,5.38,5.33,5.38,6.16,20.99
5.88,12,5.5,5.47,5.49,5.48,5.52,5.51,5.51,5.43,5.5,5.54,5.48,5.47,5.53,5.48,5.45,5.49,5.48,5.46,5.55,5.51,5.47,5.45,5.49,5.45,5.46,5.48,5.49,5.47,5.48,5.53,5.38,5.56,5.49,5.54,5.56,5.56,5.56,5.6,5.54,5.53,5.54,5.56,5.58,5.56,5.53,5.54,5.54,5.54,5.57,5.52,5.53,5.53,5.53,6.43,21.43
6.13,13,5.76,5.74,5.75,5.73,5.77,5.76,5.75,5.71,5.76,5.78,5.73,5.74,5.78,5.73,5.68,5.73,5.73,5.73,5.76,5.76,5.73,5.68,5.74,5.69,5.75,5.73,5.72,5.73,5.74,5.79,5.54,5.79,5.6,5.82,5.78,5.82,5.79,5.81,5.79,5.79,5.78,5.77,5.82,5.78,5.74,5.78,5.77,5.79,5.79,5.72,5.77,5.77,5.77,6.68,22.32
6.33,14,5.93,5.92,5.91,5.9,5.94,5.93,5.97,5.9,5.93,5.93,5.93,5.92,5.99,5.92,5.88,5.9,5.92,5.94,5.97,5.97,5.93,5.88,5.93,5.91,5.93,5.91,5.92,5.93,5.94,5.98,5.77,6,5.84,6.02,5.99,6.03,6.02,5.99,5.99,5.97,6.03,5.96,6.01,5.96,5.96,5.97,5.98,6.02,6,5.96,5.97,5.96,5.99,6.79,22.57
6.78,15,6.37,6.35,6.35,6.38,6.39,6.35,6.36,6.35,6.38,6.42,6.34,6.38,6.41,6.36,6.34,6.38,6.33,6.38,6.38,6.39,6.35,6.36,6.37,6.37,6.34,6.34,6.36,6.36,6.39,6.44,5.99,6.46,5.99,6.45,6.42,6.43,6.44,6.43,6.43,6.39,6.45,6.44,6.43,6.42,6.38,6.42,6.42,6.44,6.42,6.41,6.39,6.39,6.38,6.90,23.45
6.93,16,6.52,6.5,6.51,6.53,6.55,6.51,6.52,6.51,6.53,6.57,6.48,6.53,6.57,6.51,6.46,6.53,6.49,6.53,6.53,6.54,6.53,6.51,6.53,6.52,6.49,6.5,6.53,6.51,6.55,6.57,6.42,6.6,6.43,6.57,6.57,6.59,6.6,6.57,6.59,6.55,6.6,6.6,6.6,6.61,6.55,6.6,6.59,6.57,6.57,6.55,6.56,6.55,6.53,24.05
7.1,17,6.68,6.67,6.67,6.71,6.7,6.67,6.67,6.67,6.69,6.74,6.64,6.7,6.73,6.67,6.62,6.7,6.65,6.69,6.7,6.7,6.7,6.67,6.7,6.68,6.65,6.68,6.7,6.69,6.72,6.71,6.53,6.76,6.57,6.73,6.74,6.77,6.75,6.73,6.74,6.7,6.75,6.77,6.78,6.75,6.7,6.75,6.76,6.74,6.74,6.71,6.74,6.71,6.68,24.40
7.24,18,6.85,6.85,6.87,6.9,6.88,6.84,6.83,6.82,6.84,6.93,6.79,6.85,6.89,6.84,6.79,6.86,6.8,6.84,6.86,6.88,6.87,6.82,6.84,6.85,6.79,6.83,6.84,6.84,6.87,6.89,6.75,6.89,6.68,6.89,6.89,6.94,6.92,6.88,6.91,6.85,6.91,6.94,6.93,6.91,6.85,6.91,6.91,6.89,6.91,6.85,6.89,6.88,6.84
7.43,19,7.02,7.04,7.03,7.07,7.06,7.02,7,7,7.01,7.1,6.96,7.03,7.06,7,6.95,7.04,6.99,7.01,7.04,7.03,7.03,6.99,7.01,7,6.95,7,7.01,7.01,7.03,7.05,6.93,7.05,6.87,7,7.05,7.09,7.07,7.03,7.06,7,7.07,7.1,7.09,7.07,7.02,7.09,7.08,7.05,7.05,7.02,7.05,7.03,7.00
7.57,20,7.18,7.19,7.17,7.2,7.19,7.14,7.15,7.13,7.14,7.23,7.12,7.17,7.2,7.13,7.1,7.2,7.14,7.16,7.19,7.17,7.18,7.15,7.16,7.14,7.09,7.15,7.16,7.15,7.17,7.19,7.09,7.17,6.96,7.14,7.23,7.21,7.21,7.17,7.2,7.14,7.2,7.24,7.24,7.2,7.14,7.2,7.2,7.19,7.2,7.14,7.19,7.16,7.13
7.71,21,7.33,7.34,7.33,7.33,7.34,7.31,7.3,7.3,7.32,7.38,7.28,7.33,7.38,7.31,7.26,7.36,7.29,7.33,7.34,7.32,7.32,7.3,7.31,7.28,7.25,7.31,7.32,7.31,7.31,7.35,7.24,7.33,7.12,7.3,7.37,7.38,7.37,7.33,7.37,7.28,7.35,7.38,7.41,7.37,7.28,7.35,7.34,7.37,7.35,7.28,7.34,7.34,7.26
8.14,22,7.74,7.74,7.74,7.74,7.73,7.73,7.69,7.72,7.74,7.78,7.7,7.75,7.79,7.71,7.69,7.73,7.69,7.8,7.76,7.78,7.76,7.75,7.76,7.72,7.71,7.7,7.78,7.72,7.76,7.74,7.39,7.77,7.24,7.84,7.77,7.81,7.78,7.77,7.77,7.77,7.8,7.8,7.83,7.76,7.76,7.78,7.77,7.8,7.79,7.78,7.78,7.8,7.80
8.67,23,,,,,,,,,,,,,,,,,,,,,,,,,,,,,,8.27,7.81,8.27,7.37,8.27,8.31,8.35,8.32,8.33,8.32,8.24,8.26,8.3,8.3,8.29,8.26,8.04,8.61,,,,,8.27,8.26
9.13,24,,,,,,,,,,,,,,,,,,,,,,,,,,,,,,8.72,8.27,8.75,7.81,8.75,8.49,8.52,8.73,8.51,8.52,8.5,8.6,8.74,8.73,8.43,8.29,8.62,8.76,,,,,8.73,8.72
9.31,25,,,,,,,,,,,,,,,,,,,,,,,,,,,,,,8.94,8.72,8.94,8.29,8.97,8.7,8.76,8.95,8.75,8.72,8.72,8.76,8.95,8.95,8.72,8.48,8.68,9,,,,,8.91,8.94
9.56,26,,,,,,,,,,,,,,,,,,,,,,,,,,,,,,9.16,8.94,9.18,8.75,9.21,8.9,8.93,9.19,8.97,9.08,8.91,8.94,9.21,9.16,8.94,8.76,8.9,9.21,,,,,9.16,9.19
9.74,27,,,,,,,,,,,,,,,,,,,,,,,,,,,,,,9.37,9.16,9.39,8.94,9.4,9.15,9.19,9.4,9.19,9.23,9.18,9.2,9.41,9.39,9.14,8.95,9.16,9.37,,,,,9.34,9.40
10,28,,,,,,,,,,,,,,,,,,,,,,,,,,,,,,9.61,9.4,9.64,9.18,9.65,9.39,9.4,9.65,9.4,9.43,9.39,9.41,9.62,9.37,9.19,9.39,9.64,9.18,,,,,9.6,9.62
10.22,29,,,,,,,,,,,,,,,,,,,,,,,,,,,,,,9.83,9.62,9.83,9.4,9.87,9.62,9.65,9.89,9.65,9.66,9.64,9.66,9.82,9.61,9.39,9.64,9.82,9.37,,,,,9.82,9.86
10.45,30,,,,,,,,,,,,,,,,,,,,,,,,,,,,,,10.08,9.84,10.08,9.65,10.1,9.83,9.85,10.12,9.86,9.86,9.85,9.86,10.07,9.83,9.65,9.85,10.08,10.07,,,,,10.05,10.10
10.68,31,,,,,,,,,,,,,,,,,,,,,,,,,,,,,,10.29,10.08,10.26,9.85,10.31,10.05,10.1,10.31,10.1,10.11,10.1,10.11,10.3,10.08,9.86,10.1,10.25,10.28,,,,,10.28,10.29
10.9,32,,,,,,,,,,,,,,,,,,,,,,,,,,,,,,10.53,10.26,10.53,10.08,10.53,10.28,10.3,10.58,10.29,10.32,10.28,10.28,10.53,10.28,10.11,10.31,10.54,10.53,,,,,10.5,10.53
11.14,33,,,,,,,,,,,,,,,,,,,,,,,,,,,,,,10.75,10.54,10.72,10.29,10.76,10.51,10.54,10.75,10.54,10.56,10.55,10.56,10.71,10.53,10.31,10.54,10.75,10.72,,,,,10.74,10.72
11.35,34,,,,,,,,,,,,,,,,,,,,,,,,,,,,,,10.97,10.74,10.96,10.51,11,10.75,10.75,11.01,10.74,10.75,10.71,10.71,10.97,10.71,10.56,10.75,10.97,10.99,,,,,10.95,10.97
11.58,35,,,,,,,,,,,,,,,,,,,,,,,,,,,,,,11.17,11.01,11.14,10.63,11.22,10.96,11,11.15,11,10.99,10.97,10.97,11.18,10.96,10.76,10.99,11.2,11.2,,,,,11.18,11.15
11.79,36,,,,,,,,,,,,,,,,,,,,,,,,,,,,,,11.4,11.19,11.34,10.72,11.46,11.18,11.22,11.27,11.18,11.1,11.15,11.2,11.39,11.17,11.01,11.2,11.43,11.43,,,,,11.39,11.40
12,37,,,,,,,,,,,,,,,,,,,,,,,,,,,,,,11.64,11.43,11.59,10.82,11.68,11.45,11.45,11.38,11.45,11.4,11.42,11.45,11.61,11.41,11.22,11.43,11.64,11.66,,,,,11.6,11.64
12.26,38,,,,,,,,,,,,,,,,,,,,,,,,,,,,,,11.89,11.67,11.86,10.93,11.91,11.67,11.67,11.49,11.67,11.64,11.6,11.66,11.88,11.6,11.45,11.66,11.89,11.89,,,,,11.86,11.88
12.47,39,,,,,,,,,,,,,,,,,,,,,,,,,,,,,,12.09,11.9,12.07,11.08,12.1,11.88,11.92,11.63,11.91,11.91,11.88,11.91,12.07,11.86,11.67,11.89,12.12,12.07,,,,,12.07,12.04
12.7,40,,,,,,,,,,,,,,,,,,,,,,,,,,,,,,12.32,12.11,12.35,11.35,12.35,12.12,12.11,11.91,12.09,12.1,12.07,12.09,12.3,12.03,11.92,12.09,12.32,12.31,,,,,12.3,12.28
12.84,41,,,,,,,,,,,,,,,,,,,,,,,,,,,,,,12.49,12.35,12.46,11.45,12.45,12.31,12.34,12.07,12.34,12.34,12.34,12.34,12.39,12.31,12.1,12.35,12.45,12.42,,,,,12.44,12.41
12.93,42,,,,,,,,,,,,,,,,,,,,,,,,,,,,,,12.6,12.46,12.56,11.66,12.55,12.41,12.53,12.37,12.44,12.45,12.53,12.49,12.49,12.45,12.34,12.56,12.56,12.53,,,,,12.53,12.50
13.04,43,,,,,,,,,,,,,,,,,,,,,,,,,,,,,,12.74,12.59,12.67,11.88,12.64,12.55,12.78,12.46,12.56,12.55,12.74,12.6,12.6,12.56,12.44,12.78,12.66,12.64,,,,,12.64,12.62
13.14,44,,,,,,,,,,,,,,,,,,,,,,,,,,,,,,12.84,12.74,12.77,12.09,12.76,12.62,12.84,12.57,12.64,12.66,12.84,12.74,12.69,12.67,12.55,12.94,12.74,12.73,,,,,12.74,12.70
13.25,45,,,,,,,,,,,,,,,,,,,,,,,,,,,,,,12.96,12.85,12.88,12.34,12.84,12.74,13.05,12.67,12.74,12.75,12.92,12.85,12.8,12.74,12.63,13.26,12.84,12.85,,,,,12.85,12.81
13.36,46,,,,,,,,,,,,,,,,,,,,,,,,,,,,,,13.06,12.96,12.99,12.43,12.95,12.81,13.28,12.77,12.84,12.84,13.03,12.96,12.92,12.87,12.74,13.41,12.94,12.95,,,,,12.96,12.91
13.49,47,,,,,,,,,,,,,,,,,,,,,,,,,,,,,,13.17,13.06,13.1,12.53,13.03,12.91,13.37,12.85,12.92,12.94,13.13,13.06,13.03,12.96,12.83,13.55,13.1,13.06,,,,,13.09,13.00
13.59,48,,,,,,,,,,,,,,,,,,,,,,,,,,,,,,13.28,13.16,13.19,12.63,13.13,12.99,13.49,12.95,13.02,13.03,13.24,13.19,13.19,13.06,12.94,13.24,13.14,,,,,,13.19,13.12
13.71,49,,,,,,,,,,,,,,,,,,,,,,,,,,,,,,13.4,13.26,13.34,12.73,13.21,13.09,13.58,13.03,13.1,13.13,13.35,13.26,13.35,13.16,13.02,13.41,13.26,,,,,,13.31,13.21
13.81,50,,,,,,,,,,,,,,,,,,,,,,,,,,,,,,13.49,13.35,13.49,12.81,13.31,13.17,13.69,13.15,13.2,13.21,13.45,13.4,13.46,13.37,13.13,13.54,13.35,,,,,,13.41,13.31
13.92,51,,,,,,,,,,,,,,,,,,,,,,,,,,,,,,13.61,13.48,13.59,12.91,13.41,13.27,13.77,13.21,13.3,13.33,13.56,13.52,13.62,13.52,13.21,13.67,13.47,,,,,,13.52,13.42
14.02,52,,,,,,,,,,,,,,,,,,,,,,,,,,,,,,13.7,13.59,13.73,12.99,13.51,13.34,13.88,13.33,13.4,13.42,13.65,13.65,13.72,13.63,13.34,13.79,13.58,,,,,,13.62,13.52
14.13,53,,,,,,,,,,,,,,,,,,,,,,,,,,,,,,13.8,13.7,13.83,13.09,13.6,13.45,13.95,13.41,13.49,13.51,13.74,13.74,13.84,13.79,13.42,13.9,13.67,,,,,,13.73,13.62
14.23,54,,,,,,,,,,,,,,,,,,,,,,,,,,,,,,13.9,13.81,13.92,13.16,13.7,13.52,14.06,13.52,13.56,13.6,13.84,13.86,13.92,13.88,13.53,13.98,13.79,,,,,,13.83,13.72
14.31,55,,,,,,,,,,,,,,,,,,,,,,,,,,,,,,14.01,13.91,14.02,13.27,13.79,13.65,14.16,13.6,13.67,13.69,13.92,13.95,14.04,13.98,13.62,14.11,13.87,,,,,,13.91,13.81
14.46,56,,,,,,,,,,,,,,,,,,,,,,,,,,,,,,14.13,14.02,14.12,13.34,13.9,13.72,13.72,13.76,13.77,14.04,14.06,14.13,14.08,13.73,13.98,,,,,,,,14.06,13.91
14.58,57,,,,,,,,,,,,,,,,,,,,,,,,,,,,,,14.26,14.15,13.45,13.98,,13.83,13.8,13.86,13.88,14.13,14.18,14.18,13.83,14.11,,,,,,,,,14.18,14.01
#N/A,58,,,,,,,,,,,,,,,,,,,,,,,,,,,,,,13.51,14.11,,,,13.88,13.9,13.95,13.97,14.73,13.91,,,,,,,,,,,,,14.11
#N/A,59,,,,,,,,,,,,,,,,,,,,,,,,,,,,,,13.62,14.23,,,,14.01,13.98,14.05,14.06,14.01,,,,,,,,,,,,,,14.19
#N/A,60,,,,,,,,,,,,,,,,,,,,,,,,,,,,,,13.69,,,,,14.13,14.11,14.65,14.15,14.11,,,,,,,,,,,,,,15.09
#N/A,61,,,,,,,,,,,,,,,,,,,,,,,,,,,,,,13.8,,,,,,,,,,,,,,,,,,,,,,,15.58
#N/A,62,,,,,,,,,,,,,,,,,,,,,,,,,,,,,,13.87,,,,,,,,,,,,,,,,,,,,,,,16.01
#N/A,63,,,,,,,,,,,,,,,,,,,,,,,,,,,,,,13.99,,,,,,,,,,,,,,,,,,,,,,,16.31
#N/A,64,,,,,,,,,,,,,,,,,,,,,,,,,,,,,,14.13,,,,,,,,,,,,,,,,,,,,,,,16.47
#N/A,65,,,,,,,,,,,,,,,,,,,,,,,,,,,,,,,,,,,,,,,,,,,,,,,,,,,,,16.68
#N/A,66,,,,,,,,,,,,,,,,,,,,,,,,,,,,,,,,,,,,,,,,,,,,,,,,,,,,,16.95
#N/A,67,,,,,,,,,,,,,,,,,,,,,,,,,,,,,,,,,,,,,,,,,,,,,,,,,,,,,17.39
#N/A,68,,,,,,,,,,,,,,,,,,,,,,,,,,,,,,,,,,,,,,,,,,,,,,,,,,,,,17.86
#N/A,69,,,,,,,,,,,,,,,,,,,,,,,,,,,,,,,,,,,,,,,,,,,,,,,,,,,,,18.28
#N/A,70,,,,,,,,,,,,,,,,,,,,,,,,,,,,,,,,,,,,,,,,,,,,,,,,,,,,,18.42
#N/A,71,,,,,,,,,,,,,,,,,,,,,,,,,,,,,,,,,,,,,,,,,,,,,,,,,,,,,18.55
#N/A,72,,,,,,,,,,,,,,,,,,,,,,,,,,,,,,,,,,,,,,,,,,,,,,,,,,,,,18.77
#N/A,73,,,,,,,,,,,,,,,,,,,,,,,,,,,,,,,,,,,,,,,,,,,,,,,,,,,,,19.22
#N/A,74,,,,,,,,,,,,,,,,,,,,,,,,,,,,,,,,,,,,,,,,,,,,,,,,,,,,,19.44
#N/A,75,,,,,,,,,,,,,,,,,,,,,,,,,,,,,,,,,,,,,,,,,,,,,,,,,,,,,19.63
#N/A,76,,,,,,,,,,,,,,,,,,,,,,,,,,,,,,,,,,,,,,,,,,,,,,,,,,,,,19.94
#N/A,77,,,,,,,,,,,,,,,,,,,,,,,,,,,,,,,,,,,,,,,,,,,,,,,,,,,,,20.11
#N/A,78,,,,,,,,,,,,,,,,,,,,,,,,,,,,,,,,,,,,,,,,,,,,,,,,,,,,,20.36
#N/A,79,,,,,,,,,,,,,,,,,,,,,,,,,,,,,,,,,,,,,,,,,,,,,,,,,,,,,20.58
#N/A,80,,,,,,,,,,,,,,,,,,,,,,,,,,,,,,,,,,,,,,,,,,,,,,,,,,,,,21.01
#N/A,81,,,,,,,,,,,,,,,,,,,,,,,,,,,,,,,,,,,,,,,,,,,,,,,,,,,,,21.15
#N/A,82,,,,,,,,,,,,,,,,,,,,,,,,,,,,,,,,,,,,,,,,,,,,,,,,,,,,,21.32
#N/A,83,,,,,,,,,,,,,,,,,,,,,,,,,,,,,,,,,,,,,,,,,,,,,,,,,,,,,21.48
#N/A,84,,,,,,,,,,,,,,,,,,,,,,,,,,,,,,,,,,,,,,,,,,,,,,,,,,,,,21.65
#N/A,85,,,,,,,,,,,,,,,,,,,,,,,,,,,,,,,,,,,,,,,,,,,,,,,,,,,,,21.79
#N/A,86,,,,,,,,,,,,,,,,,,,,,,,,,,,,,,,,,,,,,,,,,,,,,,,,,,,,,21.93
#N/A,87,,,,,,,,,,,,,,,,,,,,,,,,,,,,,,,,,,,,,,,,,,,,,,,,,,,,,22.36
#N/A,88,,,,,,,,,,,,,,,,,,,,,,,,,,,,,,,,,,,,,,,,,,,,,,,,,,,,,22.83
#N/A,89,,,,,,,,,,,,,,,,,,,,,,,,,,,,,,,,,,,,,,,,,,,,,,,,,,,,,23.10
#N/A,90,,,,,,,,,,,,,,,,,,,,,,,,,,,,,,,,,,,,,,,,,,,,,,,,,,,,,23.28
#N/A,91,,,,,,,,,,,,,,,,,,,,,,,,,,,,,,,,,,,,,,,,,,,,,,,,,,,,,23.61
#N/A,92,,,,,,,,,,,,,,,,,,,,,,,,,,,,,,,,,,,,,,,,,,,,,,,,,,,,,23.77
#N/A,93,,,,,,,,,,,,,,,,,,,,,,,,,,,,,,,,,,,,,,,,,,,,,,,,,,,,,23.99
#N/A,94,,,,,,,,,,,,,,,,,,,,,,,,,,,,,,,,,,,,,,,,,,,,,,,,,,,,,24.19
#N/A,95,,,,,,,,,,,,,,,,,,,,,,,,,,,,,,,,,,,,,,,,,,,,,,,,,,,,,24.66
#N/A,96,,,,,,,,,,,,,,,,,,,,,,,,,,,,,,,,,,,,,,,,,,,,,,,,,,,,,25.10
#N/A,97,,,,,,,,,,,,,,,,,,,,,,,,,,,,,,,,,,,,,,,,,,,,,,,,,,,,,25.52
#N/A,98,,,,,,,,,,,,,,,,,,,,,,,,,,,,,,,,,,,,,,,,,,,,,,,,,,,,,25.69
#N/A,99,,,,,,,,,,,,,,,,,,,,,,,,,,,,,,,,,,,,,,,,,,,,,,,,,,,,,25.86
#N/A,100,,,,,,,,,,,,,,,,,,,,,,,,,,,,,,,,,,,,,,,,,,,,,,,,,,,,,26.02
#N/A,101,,,,,,,,,,,,,,,,,,,,,,,,,,,,,,,,,,,,,,,,,,,,,,,,,,,,,26.52
#N/A,102,,,,,,,,,,,,,,,,,,,,,,,,,,,,,,,,,,,,,,,,,,,,,,,,,,,,,26.93
#N/A,103,,,,,,,,,,,,,,,,,,,,,,,,,,,,,,,,,,,,,,,,,,,,,,,,,,,,,27.22
#N/A,104,,,,,,,,,,,,,,,,,,,,,,,,,,,,,,,,,,,,,,,,,,,,,,,,,,,,,27.39
#N/A,105,,,,,,,,,,,,,,,,,,,,,,,,,,,,,,,,,,,,,,,,,,,,,,,,,,,,,27.61
#N/A,106,,,,,,,,,,,,,,,,,,,,,,,,,,,,,,,,,,,,,,,,,,,,,,,,,,,,,27.85
#N/A,107,,,,,,,,,,,,,,,,,,,,,,,,,,,,,,,,,,,,,,,,,,,,,,,,,,,,,28.25
#N/A,108,,,,,,,,,,,,,,,,,,,,,,,,,,,,,,,,,,,,,,,,,,,,,,,,,,,,,28.42
#N/A,109,,,,,,,,,,,,,,,,,,,,,,,,,,,,,,,,,,,,,,,,,,,,,,,,,,,,,28.58
#N/A,110,,,,,,,,,,,,,,,,,,,,,,,,,,,,,,,,,,,,,,,,,,,,,,,,,,,,,28.75
#N/A,111,,,,,,,,,,,,,,,,,,,,,,,,,,,,,,,,,,,,,,,,,,,,,,,,,,,,,28.90
#N/A,112,,,,,,,,,,,,,,,,,,,,,,,,,,,,,,,,,,,,,,,,,,,,,,,,,,,,,29.06
#N/A,113,,,,,,,,,,,,,,,,,,,,,,,,,,,,,,,,,,,,,,,,,,,,,,,,,,,,,29.18
#N/A,114,,,,,,,,,,,,,,,,,,,,,,,,,,,,,,,,,,,,,,,,,,,,,,,,,,,,,29.61
#N/A,115,,,,,,,,,,,,,,,,,,,,,,,,,,,,,,,,,,,,,,,,,,,,,,,,,,,,,30.09
#N/A,116,,,,,,,,,,,,,,,,,,,,,,,,,,,,,,,,,,,,,,,,,,,,,,,,,,,,,30.35
#N/A,117,,,,,,,,,,,,,,,,,,,,,,,,,,,,,,,,,,,,,,,,,,,,,,,,,,,,,30.53
#N/A,118,,,,,,,,,,,,,,,,,,,,,,,,,,,,,,,,,,,,,,,,,,,,,,,,,,,,,30.85
#N/A,119,,,,,,,,,,,,,,,,,,,,,,,,,,,,,,,,,,,,,,,,,,,,,,,,,,,,,31.08
#N/A,120,,,,,,,,,,,,,,,,,,,,,,,,,,,,,,,,,,,,,,,,,,,,,,,,,,,,,31.27
#N/A,121,,,,,,,,,,,,,,,,,,,,,,,,,,,,,,,,,,,,,,,,,,,,,,,,,,,,,31.45
#N/A,122,,,,,,,,,,,,,,,,,,,,,,,,,,,,,,,,,,,,,,,,,,,,,,,,,,,,,31.77
#N/A,123,,,,,,,,,,,,,,,,,,,,,,,,,,,,,,,,,,,,,,,,,,,,,,,,,,,,,31.95
#N/A,124,,,,,,,,,,,,,,,,,,,,,,,,,,,,,,,,,,,,,,,,,,,,,,,,,,,,,32.27
#N/A,125,,,,,,,,,,,,,,,,,,,,,,,,,,,,,,,,,,,,,,,,,,,,,,,,,,,,,32.40
#N/A,126,,,,,,,,,,,,,,,,,,,,,,,,,,,,,,,,,,,,,,,,,,,,,,,,,,,,,32.82
#N/A,127,,,,,,,,,,,,,,,,,,,,,,,,,,,,,,,,,,,,,,,,,,,,,,,,,,,,,32.96
#N/A,128,,,,,,,,,,,,,,,,,,,,,,,,,,,,,,,,,,,,,,,,,,,,,,,,,,,,,33.10
#N/A,129,,,,,,,,,,,,,,,,,,,,,,,,,,,,,,,,,,,,,,,,,,,,,,,,,,,,,33.28
#N/A,130,,,,,,,,,,,,,,,,,,,,,,,,,,,,,,,,,,,,,,,,,,,,,,,,,,,,,33.58
#N/A,131,,,,,,,,,,,,,,,,,,,,,,,,,,,,,,,,,,,,,,,,,,,,,,,,,,,,,33.76
#N/A,132,,,,,,,,,,,,,,,,,,,,,,,,,,,,,,,,,,,,,,,,,,,,,,,,,,,,,33.99
#N/A,133,,,,,,,,,,,,,,,,,,,,,,,,,,,,,,,,,,,,,,,,,,,,,,,,,,,,,34.21
#N/A,134,,,,,,,,,,,,,,,,,,,,,,,,,,,,,,,,,,,,,,,,,,,,,,,,,,,,,34.46
#N/A,135,,,,,,,,,,,,,,,,,,,,,,,,,,,,,,,,,,,,,,,,,,,,,,,,,,,,,34.63
#N/A,136,,,,,,,,,,,,,,,,,,,,,,,,,,,,,,,,,,,,,,,,,,,,,,,,,,,,,34.85
#N/A,137,,,,,,,,,,,,,,,,,,,,,,,,,,,,,,,,,,,,,,,,,,,,,,,,,,,,,35.11
#N/A,138,,,,,,,,,,,,,,,,,,,,,,,,,,,,,,,,,,,,,,,,,,,,,,,,,,,,,35.56
#N/A,139,,,,,,,,,,,,,,,,,,,,,,,,,,,,,,,,,,,,,,,,,,,,,,,,,,,,,35.71
#N/A,140,,,,,,,,,,,,,,,,,,,,,,,,,,,,,,,,,,,,,,,,,,,,,,,,,,,,,35.87
#N/A,141,,,,,,,,,,,,,,,,,,,,,,,,,,,,,,,,,,,,,,,,,,,,,,,,,,,,,36.06
#N/A,142,,,,,,,,,,,,,,,,,,,,,,,,,,,,,,,,,,,,,,,,,,,,,,,,,,,,,36.21
#N/A,143,,,,,,,,,,,,,,,,,,,,,,,,,,,,,,,,,,,,,,,,,,,,,,,,,,,,,36.34
#N/A,144,,,,,,,,,,,,,,,,,,,,,,,,,,,,,,,,,,,,,,,,,,,,,,,,,,,,,36.49
#N/A,145,,,,,,,,,,,,,,,,,,,,,,,,,,,,,,,,,,,,,,,,,,,,,,,,,,,,,36.91
#N/A,146,,,,,,,,,,,,,,,,,,,,,,,,,,,,,,,,,,,,,,,,,,,,,,,,,,,,,37.37
#N/A,147,,,,,,,,,,,,,,,,,,,,,,,,,,,,,,,,,,,,,,,,,,,,,,,,,,,,,37.63
#N/A,148,,,,,,,,,,,,,,,,,,,,,,,,,,,,,,,,,,,,,,,,,,,,,,,,,,,,,37.81
#N/A,149,,,,,,,,,,,,,,,,,,,,,,,,,,,,,,,,,,,,,,,,,,,,,,,,,,,,,38.09
#N/A,150,,,,,,,,,,,,,,,,,,,,,,,,,,,,,,,,,,,,,,,,,,,,,,,,,,,,,38.29
#N/A,151,,,,,,,,,,,,,,,,,,,,,,,,,,,,,,,,,,,,,,,,,,,,,,,,,,,,,38.51
#N/A,152,,,,,,,,,,,,,,,,,,,,,,,,,,,,,,,,,,,,,,,,,,,,,,,,,,,,,38.71
#N/A,153,,,,,,,,,,,,,,,,,,,,,,,,,,,,,,,,,,,,,,,,,,,,,,,,,,,,,38.98
#N/A,154,,,,,,,,,,,,,,,,,,,,,,,,,,,,,,,,,,,,,,,,,,,,,,,,,,,,,39.16
#N/A,155,,,,,,,,,,,,,,,,,,,,,,,,,,,,,,,,,,,,,,,,,,,,,,,,,,,,,39.47
#N/A,156,,,,,,,,,,,,,,,,,,,,,,,,,,,,,,,,,,,,,,,,,,,,,,,,,,,,,39.64
#N/A,157,,,,,,,,,,,,,,,,,,,,,,,,,,,,,,,,,,,,,,,,,,,,,,,,,,,,,40.10
#N/A,158,,,,,,,,,,,,,,,,,,,,,,,,,,,,,,,,,,,,,,,,,,,,,,,,,,,,,40.24
#N/A,159,,,,,,,,,,,,,,,,,,,,,,,,,,,,,,,,,,,,,,,,,,,,,,,,,,,,,40.38
#N/A,160,,,,,,,,,,,,,,,,,,,,,,,,,,,,,,,,,,,,,,,,,,,,,,,,,,,,,40.56
#N/A,161,,,,,,,,,,,,,,,,,,,,,,,,,,,,,,,,,,,,,,,,,,,,,,,,,,,,,40.89
#N/A,162,,,,,,,,,,,,,,,,,,,,,,,,,,,,,,,,,,,,,,,,,,,,,,,,,,,,,41.07
#N/A,163,,,,,,,,,,,,,,,,,,,,,,,,,,,,,,,,,,,,,,,,,,,,,,,,,,,,,41.32
#N/A,164,,,,,,,,,,,,,,,,,,,,,,,,,,,,,,,,,,,,,,,,,,,,,,,,,,,,,41.46
#N/A,165,,,,,,,,,,,,,,,,,,,,,,,,,,,,,,,,,,,,,,,,,,,,,,,,,,,,,41.75
#N/A,166,,,,,,,,,,,,,,,,,,,,,,,,,,,,,,,,,,,,,,,,,,,,,,,,,,,,,41.92
#N/A,167,,,,,,,,,,,,,,,,,,,,,,,,,,,,,,,,,,,,,,,,,,,,,,,,,,,,,42.13
#N/A,168,,,,,,,,,,,,,,,,,,,,,,,,,,,,,,,,,,,,,,,,,,,,,,,,,,,,,42.37
#N/A,169,,,,,,,,,,,,,,,,,,,,,,,,,,,,,,,,,,,,,,,,,,,,,,,,,,,,,42.78
#N/A,170,,,,,,,,,,,,,,,,,,,,,,,,,,,,,,,,,,,,,,,,,,,,,,,,,,,,,42.95
#N/A,171,,,,,,,,,,,,,,,,,,,,,,,,,,,,,,,,,,,,,,,,,,,,,,,,,,,,,43.15
#N/A,172,,,,,,,,,,,,,,,,,,,,,,,,,,,,,,,,,,,,,,,,,,,,,,,,,,,,,43.34
#N/A,173,,,,,,,,,,,,,,,,,,,,,,,,,,,,,,,,,,,,,,,,,,,,,,,,,,,,,43.51
#N/A,174,,,,,,,,,,,,,,,,,,,,,,,,,,,,,,,,,,,,,,,,,,,,,,,,,,,,,43.68
#N/A,175,,,,,,,,,,,,,,,,,,,,,,,,,,,,,,,,,,,,,,,,,,,,,,,,,,,,,43.82
#N/A,176,,,,,,,,,,,,,,,,,,,,,,,,,,,,,,,,,,,,,,,,,,,,,,,,,,,,,44.15
#N/A,177,,,,,,,,,,,,,,,,,,,,,,,,,,,,,,,,,,,,,,,,,,,,,,,,,,,,
#N/A,178,,,,,,,,,,,,,,,,,,,,,,,,,,,,,,,,,,,,,,,,,,,,,,,,,,,,
#N/A,179,,,,,,,,,,,,,,,,,,,,,,,,,,,,,,,,,,,,,,,,,,,,,,,,,,,,
#N/A,180,,,,,,,,,,,,,,,,,,,,,,,,,,,,,,,,,,,,,,,,,,,,,,,,,,,,
#N/A,181,,,,,,,,,,,,,,,,,,,,,,,,,,,,,,,,,,,,,,,,,,,,,,,,,,,,
#N/A,182,,,,,,,,,,,,,,,,,,,,,,,,,,,,,,,,,,,,,,,,,,,,,,,,,,,,
#N/A,183,,,,,,,,,,,,,,,,,,,,,,,,,,,,,,,,,,,,,,,,,,,,,,,,,,,,
#N/A,184,,,,,,,,,,,,,,,,,,,,,,,,,,,,,,,,,,,,,,,,,,,,,,,,,,,,
#N/A,185,,,,,,,,,,,,,,,,,,,,,,,,,,,,,,,,,,,,,,,,,,,,,,,,,,,,
#N/A,186,,,,,,,,,,,,,,,,,,,,,,,,,,,,,,,,,,,,,,,,,,,,,,,,,,,,
#N/A,187,,,,,,,,,,,,,,,,,,,,,,,,,,,,,,,,,,,,,,,,,,,,,,,,,,,,
#N/A,188,,,,,,,,,,,,,,,,,,,,,,,,,,,,,,,,,,,,,,,,,,,,,,,,,,,,
#N/A,189,,,,,,,,,,,,,,,,,,,,,,,,,,,,,,,,,,,,,,,,,,,,,,,,,,,,
#N/A,190,,,,,,,,,,,,,,,,,,,,,,,,,,,,,,,,,,,,,,,,,,,,,,,,,,,,
#N/A,191,,,,,,,,,,,,,,,,,,,,,,,,,,,,,,,,,,,,,,,,,,,,,,,,,,,,
#N/A,192,,,,,,,,,,,,,,,,,,,,,,,,,,,,,,,,,,,,,,,,,,,,,,,,,,,,
#N/A,193,,,,,,,,,,,,,,,,,,,,,,,,,,,,,,,,,,,,,,,,,,,,,,,,,,,,
#N/A,194,,,,,,,,,,,,,,,,,,,,,,,,,,,,,,,,,,,,,,,,,,,,,,,,,,,,
#N/A,195,,,,,,,,,,,,,,,,,,,,,,,,,,,,,,,,,,,,,,,,,,,,,,,,,,,,
#N/A,196,,,,,,,,,,,,,,,,,,,,,,,,,,,,,,,,,,,,,,,,,,,,,,,,,,,,
#N/A,197,,,,,,,,,,,,,,,,,,,,,,,,,,,,,,,,,,,,,,,,,,,,,,,,,,,,
#N/A,198,,,,,,,,,,,,,,,,,,,,,,,,,,,,,,,,,,,,,,,,,,,,,,,,,,,,
#N/A,199,,,,,,,,,,,,,,,,,,,,,,,,,,,,,,,,,,,,,,,,,,,,,,,,,,,,
#N/A,200,,,,,,,,,,,,,,,,,,,,,,,,,,,,,,,,,,,,,,,,,,,,,,,,,,,,
#N/A,201,,,,,,,,,,,,,,,,,,,,,,,,,,,,,,,,,,,,,,,,,,,,,,,,,,,,
#N/A,202,,,,,,,,,,,,,,,,,,,,,,,,,,,,,,,,,,,,,,,,,,,,,,,,,,,,
#N/A,203,,,,,,,,,,,,,,,,,,,,,,,,,,,,,,,,,,,,,,,,,,,,,,,,,,,,
#N/A,204,,,,,,,,,,,,,,,,,,,,,,,,,,,,,,,,,,,,,,,,,,,,,,,,,,,,
#N/A,205,,,,,,,,,,,,,,,,,,,,,,,,,,,,,,,,,,,,,,,,,,,,,,,,,,,,
#N/A,206,,,,,,,,,,,,,,,,,,,,,,,,,,,,,,,,,,,,,,,,,,,,,,,,,,,,
#N/A,207,,,,,,,,,,,,,,,,,,,,,,,,,,,,,,,,,,,,,,,,,,,,,,,,,,,,
#N/A,208,,,,,,,,,,,,,,,,,,,,,,,,,,,,,,,,,,,,,,,,,,,,,,,,,,,,
#N/A,209,,,,,,,,,,,,,,,,,,,,,,,,,,,,,,,,,,,,,,,,,,,,,,,,,,,,
#N/A,210,,,,,,,,,,,,,,,,,,,,,,,,,,,,,,,,,,,,,,,,,,,,,,,,,,,,
#N/A,211,,,,,,,,,,,,,,,,,,,,,,,,,,,,,,,,,,,,,,,,,,,,,,,,,,,,
#N/A,212,,,,,,,,,,,,,,,,,,,,,,,,,,,,,,,,,,,,,,,,,,,,,,,,,,,,
#N/A,213,,,,,,,,,,,,,,,,,,,,,,,,,,,,,,,,,,,,,,,,,,,,,,,,,,,,
#N/A,214,,,,,,,,,,,,,,,,,,,,,,,,,,,,,,,,,,,,,,,,,,,,,,,,,,,,
#N/A,215,,,,,,,,,,,,,,,,,,,,,,,,,,,,,,,,,,,,,,,,,,,,,,,,,,,,
#N/A,216,,,,,,,,,,,,,,,,,,,,,,,,,,,,,,,,,,,,,,,,,,,,,,,,,,,,
#N/A,217,,,,,,,,,,,,,,,,,,,,,,,,,,,,,,,,,,,,,,,,,,,,,,,,,,,,
#N/A,218,,,,,,,,,,,,,,,,,,,,,,,,,,,,,,,,,,,,,,,,,,,,,,,,,,,,
#N/A,219,,,,,,,,,,,,,,,,,,,,,,,,,,,,,,,,,,,,,,,,,,,,,,,,,,,,
#N/A,220,,,,,,,,,,,,,,,,,,,,,,,,,,,,,,,,,,,,,,,,,,,,,,,,,,,,
#N/A,221,,,,,,,,,,,,,,,,,,,,,,,,,,,,,,,,,,,,,,,,,,,,,,,,,,,,
#N/A,222,,,,,,,,,,,,,,,,,,,,,,,,,,,,,,,,,,,,,,,,,,,,,,,,,,,,
#N/A,223,,,,,,,,,,,,,,,,,,,,,,,,,,,,,,,,,,,,,,,,,,,,,,,,,,,,
#N/A,224,,,,,,,,,,,,,,,,,,,,,,,,,,,,,,,,,,,,,,,,,,,,,,,,,,,,
#N/A,225,,,,,,,,,,,,,,,,,,,,,,,,,,,,,,,,,,,,,,,,,,,,,,,,,,,,
#N/A,226,,,,,,,,,,,,,,,,,,,,,,,,,,,,,,,,,,,,,,,,,,,,,,,,,,,,
#N/A,227,,,,,,,,,,,,,,,,,,,,,,,,,,,,,,,,,,,,,,,,,,,,,,,,,,,,
#N/A,228,,,,,,,,,,,,,,,,,,,,,,,,,,,,,,,,,,,,,,,,,,,,,,,,,,,,
#N/A,229,,,,,,,,,,,,,,,,,,,,,,,,,,,,,,,,,,,,,,,,,,,,,,,,,,,,
#N/A,230,,,,,,,,,,,,,,,,,,,,,,,,,,,,,,,,,,,,,,,,,,,,,,,,,,,,
#N/A,231,,,,,,,,,,,,,,,,,,,,,,,,,,,,,,,,,,,,,,,,,,,,,,,,,,,,
#N/A,232,,,,,,,,,,,,,,,,,,,,,,,,,,,,,,,,,,,,,,,,,,,,,,,,,,,,
#N/A,233,,,,,,,,,,,,,,,,,,,,,,,,,,,,,,,,,,,,,,,,,,,,,,,,,,,,
#N/A,234,,,,,,,,,,,,,,,,,,,,,,,,,,,,,,,,,,,,,,,,,,,,,,,,,,,,
#N/A,235,,,,,,,,,,,,,,,,,,,,,,,,,,,,,,,,,,,,,,,,,,,,,,,,,,,,
#N/A,236,,,,,,,,,,,,,,,,,,,,,,,,,,,,,,,,,,,,,,,,,,,,,,,,,,,,
#N/A,237,,,,,,,,,,,,,,,,,,,,,,,,,,,,,,,,,,,,,,,,,,,,,,,,,,,,
#N/A,238,,,,,,,,,,,,,,,,,,,,,,,,,,,,,,,,,,,,,,,,,,,,,,,,,,,,
#N/A,239,,,,,,,,,,,,,,,,,,,,,,,,,,,,,,,,,,,,,,,,,,,,,,,,,,,,
#N/A,240,,,,,,,,,,,,,,,,,,,,,,,,,,,,,,,,,,,,,,,,,,,,,,,,,,,,
#N/A,241,,,,,,,,,,,,,,,,,,,,,,,,,,,,,,,,,,,,,,,,,,,,,,,,,,,,
#N/A,242,,,,,,,,,,,,,,,,,,,,,,,,,,,,,,,,,,,,,,,,,,,,,,,,,,,,
#N/A,243,,,,,,,,,,,,,,,,,,,,,,,,,,,,,,,,,,,,,,,,,,,,,,,,,,,,
#N/A,244,,,,,,,,,,,,,,,,,,,,,,,,,,,,,,,,,,,,,,,,,,,,,,,,,,,,
#N/A,245,,,,,,,,,,,,,,,,,,,,,,,,,,,,,,,,,,,,,,,,,,,,,,,,,,,,
#N/A,246,,,,,,,,,,,,,,,,,,,,,,,,,,,,,,,,,,,,,,,,,,,,,,,,,,,,
#N/A,247,,,,,,,,,,,,,,,,,,,,,,,,,,,,,,,,,,,,,,,,,,,,,,,,,,,,
#N/A,248,,,,,,,,,,,,,,,,,,,,,,,,,,,,,,,,,,,,,,,,,,,,,,,,,,,,
#N/A,249,,,,,,,,,,,,,,,,,,,,,,,,,,,,,,,,,,,,,,,,,,,,,,,,,,,,
#N/A,250,,,,,,,,,,,,,,,,,,,,,,,,,,,,,,,,,,,,,,,,,,,,,,,,,,,,
#N/A,251,,,,,,,,,,,,,,,,,,,,,,,,,,,,,,,,,,,,,,,,,,,,,,,,,,,,
#N/A,252,,,,,,,,,,,,,,,,,,,,,,,,,,,,,,,,,,,,,,,,,,,,,,,,,,,,
#N/A,253,,,,,,,,,,,,,,,,,,,,,,,,,,,,,,,,,,,,,,,,,,,,,,,,,,,,
#N/A,254,,,,,,,,,,,,,,,,,,,,,,,,,,,,,,,,,,,,,,,,,,,,,,,,,,,,
#N/A,255,,,,,,,,,,,,,,,,,,,,,,,,,,,,,,,,,,,,,,,,,,,,,,,,,,,,
#N/A,256,,,,,,,,,,,,,,,,,,,,,,,,,,,,,,,,,,,,,,,,,,,,,,,,,,,,
#N/A,257,,,,,,,,,,,,,,,,,,,,,,,,,,,,,,,,,,,,,,,,,,,,,,,,,,,,
#N/A,258,,,,,,,,,,,,,,,,,,,,,,,,,,,,,,,,,,,,,,,,,,,,,,,,,,,,
#N/A,259,,,,,,,,,,,,,,,,,,,,,,,,,,,,,,,,,,,,,,,,,,,,,,,,,,,,
#N/A,260,,,,,,,,,,,,,,,,,,,,,,,,,,,,,,,,,,,,,,,,,,,,,,,,,,,,
#N/A,261,,,,,,,,,,,,,,,,,,,,,,,,,,,,,,,,,,,,,,,,,,,,,,,,,,,,
#N/A,262,,,,,,,,,,,,,,,,,,,,,,,,,,,,,,,,,,,,,,,,,,,,,,,,,,,,
#N/A,263,,,,,,,,,,,,,,,,,,,,,,,,,,,,,,,,,,,,,,,,,,,,,,,,,,,,
#N/A,264,,,,,,,,,,,,,,,,,,,,,,,,,,,,,,,,,,,,,,,,,,,,,,,,,,,,
#N/A,265,,,,,,,,,,,,,,,,,,,,,,,,,,,,,,,,,,,,,,,,,,,,,,,,,,,,
#N/A,266,,,,,,,,,,,,,,,,,,,,,,,,,,,,,,,,,,,,,,,,,,,,,,,,,,,,
#N/A,267,,,,,,,,,,,,,,,,,,,,,,,,,,,,,,,,,,,,,,,,,,,,,,,,,,,,
#N/A,268,,,,,,,,,,,,,,,,,,,,,,,,,,,,,,,,,,,,,,,,,,,,,,,,,,,,
#N/A,269,,,,,,,,,,,,,,,,,,,,,,,,,,,,,,,,,,,,,,,,,,,,,,,,,,,,
#N/A,270,,,,,,,,,,,,,,,,,,,,,,,,,,,,,,,,,,,,,,,,,,,,,,,,,,,,
#N/A,271,,,,,,,,,,,,,,,,,,,,,,,,,,,,,,,,,,,,,,,,,,,,,,,,,,,,
#N/A,272,,,,,,,,,,,,,,,,,,,,,,,,,,,,,,,,,,,,,,,,,,,,,,,,,,,,
#N/A,273,,,,,,,,,,,,,,,,,,,,,,,,,,,,,,,,,,,,,,,,,,,,,,,,,,,,
#N/A,274,,,,,,,,,,,,,,,,,,,,,,,,,,,,,,,,,,,,,,,,,,,,,,,,,,,,
#N/A,275,,,,,,,,,,,,,,,,,,,,,,,,,,,,,,,,,,,,,,,,,,,,,,,,,,,,
#N/A,276,,,,,,,,,,,,,,,,,,,,,,,,,,,,,,,,,,,,,,,,,,,,,,,,,,,,
#N/A,277,,,,,,,,,,,,,,,,,,,,,,,,,,,,,,,,,,,,,,,,,,,,,,,,,,,,
#N/A,278,,,,,,,,,,,,,,,,,,,,,,,,,,,,,,,,,,,,,,,,,,,,,,,,,,,,
#N/A,279,,,,,,,,,,,,,,,,,,,,,,,,,,,,,,,,,,,,,,,,,,,,,,,,,,,,
#N/A,280,,,,,,,,,,,,,,,,,,,,,,,,,,,,,,,,,,,,,,,,,,,,,,,,,,,,
#N/A,281,,,,,,,,,,,,,,,,,,,,,,,,,,,,,,,,,,,,,,,,,,,,,,,,,,,,
#N/A,282,,,,,,,,,,,,,,,,,,,,,,,,,,,,,,,,,,,,,,,,,,,,,,,,,,,,
#N/A,283,,,,,,,,,,,,,,,,,,,,,,,,,,,,,,,,,,,,,,,,,,,,,,,,,,,,
#N/A,284,,,,,,,,,,,,,,,,,,,,,,,,,,,,,,,,,,,,,,,,,,,,,,,,,,,,
#N/A,285,,,,,,,,,,,,,,,,,,,,,,,,,,,,,,,,,,,,,,,,,,,,,,,,,,,,
#N/A,286,,,,,,,,,,,,,,,,,,,,,,,,,,,,,,,,,,,,,,,,,,,,,,,,,,,,
#N/A,287,,,,,,,,,,,,,,,,,,,,,,,,,,,,,,,,,,,,,,,,,,,,,,,,,,,,
#N/A,288,,,,,,,,,,,,,,,,,,,,,,,,,,,,,,,,,,,,,,,,,,,,,,,,,,,,
#N/A,289,,,,,,,,,,,,,,,,,,,,,,,,,,,,,,,,,,,,,,,,,,,,,,,,,,,,
#N/A,290,,,,,,,,,,,,,,,,,,,,,,,,,,,,,,,,,,,,,,,,,,,,,,,,,,,,
#N/A,291,,,,,,,,,,,,,,,,,,,,,,,,,,,,,,,,,,,,,,,,,,,,,,,,,,,,
#N/A,292,,,,,,,,,,,,,,,,,,,,,,,,,,,,,,,,,,,,,,,,,,,,,,,,,,,,
#N/A,293,,,,,,,,,,,,,,,,,,,,,,,,,,,,,,,,,,,,,,,,,,,,,,,,,,,,
#N/A,294,,,,,,,,,,,,,,,,,,,,,,,,,,,,,,,,,,,,,,,,,,,,,,,,,,,,
#N/A,295,,,,,,,,,,,,,,,,,,,,,,,,,,,,,,,,,,,,,,,,,,,,,,,,,,,,
#N/A,296,,,,,,,,,,,,,,,,,,,,,,,,,,,,,,,,,,,,,,,,,,,,,,,,,,,,
#N/A,297,,,,,,,,,,,,,,,,,,,,,,,,,,,,,,,,,,,,,,,,,,,,,,,,,,,,
#N/A,298,,,,,,,,,,,,,,,,,,,,,,,,,,,,,,,,,,,,,,,,,,,,,,,,,,,,
#N/A,299,,,,,,,,,,,,,,,,,,,,,,,,,,,,,,,,,,,,,,,,,,,,,,,,,,,,
#N/A,300,,,,,,,,,,,,,,,,,,,,,,,,,,,,,,,,,,,,,,,,,,,,,,,,,,,,
#N/A,301,,,,,,,,,,,,,,,,,,,,,,,,,,,,,,,,,,,,,,,,,,,,,,,,,,,,
#N/A,302,,,,,,,,,,,,,,,,,,,,,,,,,,,,,,,,,,,,,,,,,,,,,,,,,,,,
#N/A,303,,,,,,,,,,,,,,,,,,,,,,,,,,,,,,,,,,,,,,,,,,,,,,,,,,,,
#N/A,304,,,,,,,,,,,,,,,,,,,,,,,,,,,,,,,,,,,,,,,,,,,,,,,,,,,,
#N/A,305,,,,,,,,,,,,,,,,,,,,,,,,,,,,,,,,,,,,,,,,,,,,,,,,,,,,
#N/A,306,,,,,,,,,,,,,,,,,,,,,,,,,,,,,,,,,,,,,,,,,,,,,,,,,,,,
#N/A,307,,,,,,,,,,,,,,,,,,,,,,,,,,,,,,,,,,,,,,,,,,,,,,,,,,,,
#N/A,308,,,,,,,,,,,,,,,,,,,,,,,,,,,,,,,,,,,,,,,,,,,,,,,,,,,,
#N/A,309,,,,,,,,,,,,,,,,,,,,,,,,,,,,,,,,,,,,,,,,,,,,,,,,,,,,
#N/A,310,,,,,,,,,,,,,,,,,,,,,,,,,,,,,,,,,,,,,,,,,,,,,,,,,,,,
#N/A,311,,,,,,,,,,,,,,,,,,,,,,,,,,,,,,,,,,,,,,,,,,,,,,,,,,,,
#N/A,312,,,,,,,,,,,,,,,,,,,,,,,,,,,,,,,,,,,,,,,,,,,,,,,,,,,,
#N/A,313,,,,,,,,,,,,,,,,,,,,,,,,,,,,,,,,,,,,,,,,,,,,,,,,,,,,
#N/A,314,,,,,,,,,,,,,,,,,,,,,,,,,,,,,,,,,,,,,,,,,,,,,,,,,,,,
#N/A,315,,,,,,,,,,,,,,,,,,,,,,,,,,,,,,,,,,,,,,,,,,,,,,,,,,,,
#N/A,316,,,,,,,,,,,,,,,,,,,,,,,,,,,,,,,,,,,,,,,,,,,,,,,,,,,,
#N/A,317,,,,,,,,,,,,,,,,,,,,,,,,,,,,,,,,,,,,,,,,,,,,,,,,,,,,
#N/A,318,,,,,,,,,,,,,,,,,,,,,,,,,,,,,,,,,,,,,,,,,,,,,,,,,,,,
#N/A,319,,,,,,,,,,,,,,,,,,,,,,,,,,,,,,,,,,,,,,,,,,,,,,,,,,,,
#N/A,320,,,,,,,,,,,,,,,,,,,,,,,,,,,,,,,,,,,,,,,,,,,,,,,,,,,,
#N/A,321,,,,,,,,,,,,,,,,,,,,,,,,,,,,,,,,,,,,,,,,,,,,,,,,,,,,
#N/A,322,,,,,,,,,,,,,,,,,,,,,,,,,,,,,,,,,,,,,,,,,,,,,,,,,,,,
#N/A,323,,,,,,,,,,,,,,,,,,,,,,,,,,,,,,,,,,,,,,,,,,,,,,,,,,,,
#N/A,324,,,,,,,,,,,,,,,,,,,,,,,,,,,,,,,,,,,,,,,,,,,,,,,,,,,,
#N/A,325,,,,,,,,,,,,,,,,,,,,,,,,,,,,,,,,,,,,,,,,,,,,,,,,,,,,
#N/A,326,,,,,,,,,,,,,,,,,,,,,,,,,,,,,,,,,,,,,,,,,,,,,,,,,,,,
#N/A,327,,,,,,,,,,,,,,,,,,,,,,,,,,,,,,,,,,,,,,,,,,,,,,,,,,,,
#N/A,328,,,,,,,,,,,,,,,,,,,,,,,,,,,,,,,,,,,,,,,,,,,,,,,,,,,,
#N/A,329,,,,,,,,,,,,,,,,,,,,,,,,,,,,,,,,,,,,,,,,,,,,,,,,,,,,
#N/A,330,,,,,,,,,,,,,,,,,,,,,,,,,,,,,,,,,,,,,,,,,,,,,,,,,,,,
#N/A,331,,,,,,,,,,,,,,,,,,,,,,,,,,,,,,,,,,,,,,,,,,,,,,,,,,,,
#N/A,332,,,,,,,,,,,,,,,,,,,,,,,,,,,,,,,,,,,,,,,,,,,,,,,,,,,,
#N/A,333,,,,,,,,,,,,,,,,,,,,,,,,,,,,,,,,,,,,,,,,,,,,,,,,,,,,
#N/A,334,,,,,,,,,,,,,,,,,,,,,,,,,,,,,,,,,,,,,,,,,,,,,,,,,,,,
#N/A,335,,,,,,,,,,,,,,,,,,,,,,,,,,,,,,,,,,,,,,,,,,,,,,,,,,,,
#N/A,336,,,,,,,,,,,,,,,,,,,,,,,,,,,,,,,,,,,,,,,,,,,,,,,,,,,,
#N/A,337,,,,,,,,,,,,,,,,,,,,,,,,,,,,,,,,,,,,,,,,,,,,,,,,,,,,
#N/A,338,,,,,,,,,,,,,,,,,,,,,,,,,,,,,,,,,,,,,,,,,,,,,,,,,,,,
#N/A,339,,,,,,,,,,,,,,,,,,,,,,,,,,,,,,,,,,,,,,,,,,,,,,,,,,,,
#N/A,340,,,,,,,,,,,,,,,,,,,,,,,,,,,,,,,,,,,,,,,,,,,,,,,,,,,,
#N/A,341,,,,,,,,,,,,,,,,,,,,,,,,,,,,,,,,,,,,,,,,,,,,,,,,,,,,
#N/A,342,,,,,,,,,,,,,,,,,,,,,,,,,,,,,,,,,,,,,,,,,,,,,,,,,,,,
#N/A,343,,,,,,,,,,,,,,,,,,,,,,,,,,,,,,,,,,,,,,,,,,,,,,,,,,,,
#N/A,344,,,,,,,,,,,,,,,,,,,,,,,,,,,,,,,,,,,,,,,,,,,,,,,,,,,,
#N/A,345,,,,,,,,,,,,,,,,,,,,,,,,,,,,,,,,,,,,,,,,,,,,,,,,,,,,
#N/A,346,,,,,,,,,,,,,,,,,,,,,,,,,,,,,,,,,,,,,,,,,,,,,,,,,,,,
#N/A,347,,,,,,,,,,,,,,,,,,,,,,,,,,,,,,,,,,,,,,,,,,,,,,,,,,,,
#N/A,348,,,,,,,,,,,,,,,,,,,,,,,,,,,,,,,,,,,,,,,,,,,,,,,,,,,,
#N/A,349,,,,,,,,,,,,,,,,,,,,,,,,,,,,,,,,,,,,,,,,,,,,,,,,,,,,
#N/A,350,,,,,,,,,,,,,,,,,,,,,,,,,,,,,,,,,,,,,,,,,,,,,,,,,,,,
#N/A,351,,,,,,,,,,,,,,,,,,,,,,,,,,,,,,,,,,,,,,,,,,,,,,,,,,,,
#N/A,352,,,,,,,,,,,,,,,,,,,,,,,,,,,,,,,,,,,,,,,,,,,,,,,,,,,,
#N/A,353,,,,,,,,,,,,,,,,,,,,,,,,,,,,,,,,,,,,,,,,,,,,,,,,,,,,
#N/A,354,,,,,,,,,,,,,,,,,,,,,,,,,,,,,,,,,,,,,,,,,,,,,,,,,,,,
#N/A,355,,,,,,,,,,,,,,,,,,,,,,,,,,,,,,,,,,,,,,,,,,,,,,,,,,,,
#N/A,356,,,,,,,,,,,,,,,,,,,,,,,,,,,,,,,,,,,,,,,,,,,,,,,,,,,,
#N/A,357,,,,,,,,,,,,,,,,,,,,,,,,,,,,,,,,,,,,,,,,,,,,,,,,,,,,
#N/A,358,,,,,,,,,,,,,,,,,,,,,,,,,,,,,,,,,,,,,,,,,,,,,,,,,,,,
#N/A,359,,,,,,,,,,,,,,,,,,,,,,,,,,,,,,,,,,,,,,,,,,,,,,,,,,,,
#N/A,360,,,,,,,,,,,,,,,,,,,,,,,,,,,,,,,,,,,,,,,,,,,,,,,,,,,,
#N/A,361,,,,,,,,,,,,,,,,,,,,,,,,,,,,,,,,,,,,,,,,,,,,,,,,,,,,
#N/A,362,,,,,,,,,,,,,,,,,,,,,,,,,,,,,,,,,,,,,,,,,,,,,,,,,,,,
#N/A,363,,,,,,,,,,,,,,,,,,,,,,,,,,,,,,,,,,,,,,,,,,,,,,,,,,,,
#N/A,364,,,,,,,,,,,,,,,,,,,,,,,,,,,,,,,,,,,,,,,,,,,,,,,,,,,,
#N/A,365,,,,,,,,,,,,,,,,,,,,,,,,,,,,,,,,,,,,,,,,,,,,,,,,,,,,
#N/A,366,,,,,,,,,,,,,,,,,,,,,,,,,,,,,,,,,,,,,,,,,,,,,,,,,,,,
#N/A,367,,,,,,,,,,,,,,,,,,,,,,,,,,,,,,,,,,,,,,,,,,,,,,,,,,,,
#N/A,368,,,,,,,,,,,,,,,,,,,,,,,,,,,,,,,,,,,,,,,,,,,,,,,,,,,,
#N/A,369,,,,,,,,,,,,,,,,,,,,,,,,,,,,,,,,,,,,,,,,,,,,,,,,,,,,
#N/A,370,,,,,,,,,,,,,,,,,,,,,,,,,,,,,,,,,,,,,,,,,,,,,,,,,,,,
#N/A,371,,,,,,,,,,,,,,,,,,,,,,,,,,,,,,,,,,,,,,,,,,,,,,,,,,,,
#N/A,372,,,,,,,,,,,,,,,,,,,,,,,,,,,,,,,,,,,,,,,,,,,,,,,,,,,,
#N/A,373,,,,,,,,,,,,,,,,,,,,,,,,,,,,,,,,,,,,,,,,,,,,,,,,,,,,
#N/A,374,,,,,,,,,,,,,,,,,,,,,,,,,,,,,,,,,,,,,,,,,,,,,,,,,,,,
#N/A,375,,,,,,,,,,,,,,,,,,,,,,,,,,,,,,,,,,,,,,,,,,,,,,,,,,,,
#N/A,376,,,,,,,,,,,,,,,,,,,,,,,,,,,,,,,,,,,,,,,,,,,,,,,,,,,,
#N/A,377,,,,,,,,,,,,,,,,,,,,,,,,,,,,,,,,,,,,,,,,,,,,,,,,,,,,
